--
-- MySQL 5.5.59
-- Tue, 17 Jul 2018 10:56:11 +0000
--

CREATE TABLE `equipes` (
   `id` int(11) not null auto_increment,
   `nom` varchar(64) not null,
   `test` float,
   `test2` float,
   PRIMARY KEY (`id`)
) ENGINE=MyISAM DEFAULT CHARSET=utf8 AUTO_INCREMENT=1000;

INSERT INTO `equipes` (`id`, `nom`, `test`, `test2`) VALUES 
('1', '139.5', '130', '9.5'),
('2', 'Br', '', ''),
('3', 'Belgique', '', ''),
('4', 'Portugal', '', ''),
('5', 'Espagne', '', ''),
('999', 'Nul', '', '');

CREATE TABLE `event` (
   `id` int(11) not null auto_increment,
   `premiereOption` varchar(11) not null,
   `deuxiemeOption` varchar(11) not null,
   `troisiemeOption` varchar(11) not null,
   `cotePremiere` float not null,
   `coteDeuxieme` float not null,
   `coteTroisieme` float not null,
   `heureDebut` timestamp not null default CURRENT_TIMESTAMP on update CURRENT_TIMESTAMP,
   `heureFin` timestamp not null default '0000-00-00 00:00:00',
   `optionGagnant` varchar(64),
   PRIMARY KEY (`id`)
) ENGINE=MyISAM DEFAULT CHARSET=utf8 AUTO_INCREMENT=42;

INSERT INTO `event` (`id`, `premiereOption`, `deuxiemeOption`, `troisiemeOption`, `cotePremiere`, `coteDeuxieme`, `coteTroisieme`, `heureDebut`, `heureFin`, `optionGagnant`) VALUES 
('7', 'Uruguay', 'Nul', 'Russie', '2.6', '3.15', '3.15', '2018-06-25 16:00:00', '2018-06-25 17:40:00', 'Uruguay'),
('8', 'Arabie S.', 'Nul', 'Egypte', '4.75', '3.6', '1.88', '2018-06-25 16:00:00', '2018-06-25 17:40:00', 'Arabie S.'),
('6', 'Pologne', 'Nul', 'Colombie', '3.6', '3.45', '2.25', '2018-06-24 20:00:00', '2018-06-24 21:40:00', 'Colombie'),
('9', 'Iran', 'Nul', 'Portugal', '6', '3.75', '1.88', '2018-06-25 20:00:00', '2018-06-25 21:40:00', 'Nul'),
('10', 'Espagne', 'Nul', 'Maroc', '1.33', '5.25', '12', '2018-06-25 20:00:00', '2018-06-25 21:40:00', 'Nul'),
('11', 'Danemark', 'Nul', 'France', '4.75', '2.65', '2.3', '2018-06-26 16:00:00', '2018-06-26 17:40:00', 'Nul'),
('12', 'Australie', 'Nul', 'Pérou', '3.05', '3.4', '2.5', '2018-06-26 16:00:00', '2018-06-26 17:40:00', 'Pérou'),
('13', 'Nigeria', 'Nul', 'Argentine', '6.5', '4.6', '1.56', '2018-06-26 20:00:00', '2018-06-26 21:40:00', 'Argentine'),
('14', 'Island', 'Nul', 'Croatie', '3.5', '3.4', '2.2', '2018-06-26 20:00:00', '2018-06-26 21:40:00', 'Croatie'),
('15', 'Corée du Su', 'Nul', 'Allemagne', '16.5', '7.75', '1.2', '2018-06-27 16:00:00', '2018-06-27 17:40:00', 'Corée du Su'),
('16', 'Mexique', 'Nul', 'Suède', '2.4', '3.3', '3.2', '2018-06-27 16:00:00', '2018-06-27 17:40:00', 'Suède'),
('17', 'Serbie', 'Nul', 'Brésil', '7', '4.4', '1.5', '2018-06-27 20:00:00', '2018-06-27 21:40:00', 'Brésil'),
('18', 'Suisse', 'Nul', 'Costa Rica', '1.68', '3.4', '6.5', '2018-06-27 20:00:00', '2018-06-27 21:40:00', 'Nul'),
('19', 'Japon', 'Nul', 'Pologne', '2.65', '3.15', '2.95', '2018-06-28 16:00:00', '2018-06-28 17:40:00', 'Pologne'),
('20', 'Sénégal', 'Nul', 'Colombie', '4.5', '3.5', '1.9', '2018-06-28 16:00:00', '2018-06-28 17:40:00', 'Colombie'),
('21', 'Angleterre', 'Nul', 'Belgique', '2.7', '3.2', '2.97', '2018-06-28 20:00:00', '2018-06-28 21:40:00', 'Belgique'),
('22', 'Panama', 'Nul', 'Tunisie', '4.5', '3.75', '1.85', '2018-06-28 20:00:00', '2018-06-28 21:40:00', 'Tunisie'),
('23', 'France', 'Nul', 'Argentine', '2.37', '3.1', '3.6', '2018-06-30 16:00:00', '2018-06-30 16:40:00', 'France'),
('24', 'Uruguay', 'Nul', 'Portugal', '2.75', '2.95', '3.1', '2018-06-30 20:00:00', '2018-06-30 21:40:00', 'Uruguay'),
('25', 'Brésil', 'Nul', 'Mexique', '1.5', '4.5', '8', '2018-07-02 16:00:00', '2018-07-02 17:40:00', 'Brésil'),
('26', 'Belgique', 'Nul', 'Japon', '1.38', '5.1', '11.5', '2018-07-02 20:00:00', '2018-07-02 21:40:00', 'Belgique'),
('27', 'Suède', 'Nul', 'Suisse', '3.15', '3', '2.7', '2018-07-03 16:00:00', '2018-07-02 17:40:00', 'Suède'),
('28', 'Colombie', 'Nul', 'Angleterre', '4.1', '3.25', '2.1', '2018-07-03 20:00:00', '2018-07-03 21:40:00', 'Angleterre'),
('29', 'Uruguay', 'Nul', 'France', '4.6', '3.25', '2', '2018-07-06 16:00:00', '2018-07-06 17:40:00', 'France'),
('30', 'Russie', 'Nul', 'Croatie', '3.75', '3.1', '2.25', '2018-07-07 20:00:00', '2018-07-07 21:40:00', 'Croatie'),
('31', 'Brésil', 'Nul', 'Belgique', '2.1', '3.5', '3.6', '2018-07-06 20:00:00', '2018-07-06 21:40:00', 'Belgique'),
('32', 'Suède', 'Nul', 'Angleterre', '4.1', '3', '1.7', '2018-07-07 16:00:00', '2018-07-07 17:40:00', 'Angleterre'),
('33', 'Brésil', 'GAGNANT FIN', 'France', '3.75', '1', '5', '2017-07-15 17:00:00', '2018-07-15 18:40:00', 'France'),
('34', 'Angleterre', 'GAGNANT FIN', 'Belgique', '5', '1', '6.5', '2017-07-15 17:00:00', '2018-07-15 18:40:00', 'Perdu'),
('35', 'Croatie', 'GAGNANT FIN', 'Uruguay', '6.5', '1', '15', '2017-07-15 17:00:00', '2018-07-15 18:40:00', 'Perdu'),
('36', 'Russie', 'GAGNANT FIN', 'Suède', '20', '1', '25', '2017-07-15 17:00:00', '2018-07-15 18:40:00', 'Perdu'),
('37', 'France', 'Nul', 'Belgique', '2.55', '3.3', '3.2', '2018-07-10 20:00:00', '2018-07-10 21:40:00', 'France'),
('38', 'Croatie', 'Nul', 'Angleterre', '3.6', '3.15', '2.37', '2018-07-11 20:00:00', '2018-07-11 21:40:00', 'Croatie'),
('39', 'Belgique', 'Nul', 'Angleterre', '2.2', '3.75', '3.3', '2018-07-14 16:00:00', '2018-07-14 17:40:00', 'Belgique'),
('40', 'France', 'Nul', 'Croatie', '1.95', '3.3', '5', '2018-07-15 17:00:00', '2018-07-15 18:40:00', 'France'),
('41', 'France', 'GAGNANT FIN', 'Croatie', '1.45', '1', '2.75', '2018-07-15 17:00:00', '2018-07-15 18:40:00', 'France');

CREATE TABLE `news` (
   `id` int(11) not null auto_increment,
   `message` varchar(1000) not null,
   `date` timestamp not null default CURRENT_TIMESTAMP on update CURRENT_TIMESTAMP,
   PRIMARY KEY (`id`)
) ENGINE=MyISAM DEFAULT CHARSET=utf8 AUTO_INCREMENT=17;

INSERT INTO `news` (`id`, `message`, `date`) VALUES 
('6', 'Prochaine mise à jour : Paris effectué affiché dans la page Mon Compte', '2018-06-24 17:30:40'),
('5', 'Le site de paris ouvre !</br>Pariez dès maintenant sur parier.papawy.com', '2018-06-24 17:25:03'),
('7', '6 nouveaux matchs ont été ajoutés !', '2018-06-24 21:17:59'),
('8', 'Ajout de la liste des paris éffectué sur la page mon compte.</br>Ajout d\'un bouton pour actualiser ses gains des paris gagnés.</br>Correction d\'une faille.', '2018-06-25 12:52:59'),
('9', 'Ajout des matchs de demain, 27 juin', '2018-06-26 18:20:41'),
('10', 'Ajout des matchs jusqu\'au 30 juin.</br>Correction de la mise à jour des gains.', '2018-06-27 18:29:06'),
('11', 'Les matchs à venir ont été ajoutés.', '2018-07-02 14:22:52'),
('12', 'Les paris sur le gagnant de la coupe du monde</br>on été rajouté.</br>Merci de ne pas choisir GAGNANT FIN</br>On ne rembourse pas.', '2018-07-03 23:42:15'),
('13', 'Allez la France !!!!!!!</br>Allez les bleus !!', '2018-07-07 14:32:15'),
('14', 'Les paris ont été remboursé.</br>Les matchs de demie-finale ont été ajoutés.</br>Et bien sûr, allez les bleus pour demain !', '2018-07-09 14:30:05'),
('15', 'Allez la France et allez les bleus !</br>N\'oubliez pas de parier sur le champion du monde !', '2018-07-10 12:29:40'),
('16', 'La france est championne du monde !</br>Merci d\'avoir été là pour suivre la coupe du monde tous ensemble !</br> Voici le classement des joueurs à la fin du tournois :  </br><img src=\"https://i.imgur.com/KETYo8u.png\" width=\"800\" height=\"200\"> </br></br><img src=\"https://resize2-lejdd.ladmedia.fr/rcrop/620,310/img/var/europe1/storage/images/lejdd/sport/football/vous-etre-vraiment-un-champion-du-monde-si-vous-obtenez-au-moins-1215-a-ce-quiz-3712064/49314167-1-fre-FR/Vous-etre-vraiment-un-champion-du-monde-si-vous-obtenez-au-moins-12-15-a-ce-quiz.jpg\"> </br>On laisse bien sûr le site ouvert pour de futur paris !', '2018-07-17 12:49:38');

CREATE TABLE `paris` (
   `id` int(11) not null auto_increment,
   `loginJoueur` varchar(64) not null,
   `idEvent` int(11) not null,
   `optionChoisis` varchar(64) not null,
   `gainRecupere` float not null,
   `mise` float not null,
   `cote` float not null,
   `argentRecup` int(1) default '0',
   PRIMARY KEY (`id`)
) ENGINE=MyISAM DEFAULT CHARSET=utf8 AUTO_INCREMENT=156;

INSERT INTO `paris` (`id`, `loginJoueur`, `idEvent`, `optionChoisis`, `gainRecupere`, `mise`, `cote`, `argentRecup`) VALUES 
('14', 'Nitram', '6', 'Nul', '172.5', '50', '3.45', '0'),
('13', 'Vic1997', '8', 'Egypte', '75.2', '40', '1.88', '0'),
('12', 'wondoverflow', '6', 'Colombie', '33.75', '15', '2.25', '1'),
('11', 'wondoverflow', '6', 'Nul', '51.75', '15', '3.45', '0'),
('10', 'papawy', '6', 'Pologne', '72', '20', '3.6', '0'),
('15', 'Nitram', '6', 'Colombie', '112.5', '50', '2.25', '1'),
('16', 'Vic1997', '6', 'Colombie', '22.5', '10', '2.25', '1'),
('17', 'wondoverflow', '8', 'Egypte', '131.6', '70', '1.88', '0'),
('18', 'papawy', '6', 'Pologne', '72', '20', '3.6', '0'),
('19', 'papawy', '6', 'Nul', '51.75', '15', '3.45', '0'),
('20', 'wondoverflow', '9', 'Portugal', '112.8', '60', '1.88', '0'),
('21', 'wondoverflow', '10', 'Espagne', '53.2', '40', '1.33', '0'),
('22', 'Vic1997', '7', 'Russie', '47.25', '15', '3.15', '0'),
('23', 'papawy', '7', 'Russie', '31.5', '10', '3.15', '0'),
('24', 'papawy', '10', 'Espagne', '66.5', '50', '1.33', '0'),
('25', 'papawy', '11', 'France', '80.5', '35', '2.3', '0'),
('28', 'Nitram', '9', 'Portugal', '188', '100', '1.88', '0'),
('29', 'Nitram', '7', 'Russie', '78.75', '25', '3.15', '0'),
('30', 'Nitram', '8', 'Egypte', '163.56', '87', '1.88', '0'),
('31', 'Vic1997', '9', 'Portugal', '112.8', '60', '1.88', '0'),
('32', 'Vic1997', '10', 'Espagne', '79.8', '60', '1.33', '0'),
('33', 'wondoverflow', '9', 'Portugal', '37.6', '20', '1.88', '0'),
('34', 'wondoverflow', '10', 'Espagne', '17.29', '13', '1.33', '0'),
('35', 'wondoverflow', '9', 'Portugal', '1.41', '0.75', '1.88', '0'),
('36', 'Vic1997', '11', 'France', '86.25', '37.5', '2.3', '0'),
('37', 'Vic1997', '12', 'Nul', '34', '10', '3.4', '0'),
('38', 'Vic1997', '14', 'Croatie', '22', '10', '2.2', '1'),
('39', 'Vic1997', '13', 'Argentine', '29.64', '19', '1.56', '1'),
('40', 'Vic1997', '13', 'Nigeria', '65', '10', '6.5', '0'),
('41', 'Nitram', '14', 'Croatie', '221.1', '100.5', '2.2', '1'),
('42', 'papawy', '12', 'Nul', '68', '20', '3.4', '0'),
('43', 'papawy', '13', 'Argentine', '78', '50', '1.56', '1'),
('44', 'wondoverflow', '14', 'Croatie', '110', '50', '2.2', '1'),
('45', 'wondoverflow', '13', 'Nul', '46', '10', '4.6', '0'),
('46', 'papawy', '15', 'Allemagne', '24', '20', '1.2', '0'),
('47', 'papawy', '17', 'Brésil', '30', '20', '1.5', '1'),
('48', 'papawy', '18', 'Suisse', '16.8', '10', '1.68', '0'),
('49', 'Mvrp', '15', 'Allemagne', '60', '50', '1.2', '0'),
('50', 'Mvrp', '16', 'Suède', '160', '50', '3.2', '1'),
('51', 'Mvrp', '17', 'Serbie', '350', '50', '7', '0'),
('52', 'Mvrp', '18', 'Suisse', '168', '100', '1.68', '0'),
('53', 'Mvrp', '16', 'Mexique', '120', '50', '2.4', '0'),
('54', 'Nitram', '15', 'Allemagne', '120', '100', '1.2', '0'),
('55', 'Nitram', '16', 'Nul', '82.5', '25', '3.3', '0'),
('56', 'Nitram', '16', 'Suède', '80', '25', '3.2', '1'),
('57', 'Vic1997', '15', 'Corée du Su', '16.5', '1', '16.5', '1'),
('58', 'Vic1997', '17', 'Brésil', '15', '10', '1.5', '1'),
('59', 'Nitram', '15', 'Nul', '77.5', '10', '7.75', '0'),
('60', 'A6', '18', 'Costa Rica', '65', '10', '6.5', '0'),
('61', 'A6', '15', 'Allemagne', '60', '50', '1.2', '0'),
('62', 'A6', '16', 'Nul', '33', '10', '3.3', '0'),
('63', 'wondoverflow', '17', 'Brésil', '75', '50', '1.5', '1'),
('64', 'wondoverflow', '17', 'Serbie', '105', '15', '7', '0'),
('65', 'wondoverflow', '17', 'Nul', '44', '10', '4.4', '0'),
('66', 'A6', '17', 'Brésil', '150', '100', '1.5', '1'),
('67', 'Nitram', '18', 'Suisse', '168', '100', '1.68', '0'),
('68', 'Nitram', '17', 'Serbie', '175', '25', '7', '0'),
('69', 'Vic1997', '18', 'Suisse', '33.6', '20', '1.68', '0'),
('70', 'Vic1997', '17', 'Brésil', '22.5', '15', '1.5', '1'),
('71', 'Nitram', '20', 'Sénégal', '72', '16', '4.5', '0'),
('72', 'wondoverflow', '19', 'Japon', '26.5', '10', '2.65', '0'),
('73', 'wondoverflow', '20', 'Sénégal', '22.5', '5', '4.5', '0'),
('74', 'wondoverflow', '20', 'Colombie', '9.5', '5', '1.9', '1'),
('75', 'A6', '19', 'Pologne', '73.75', '25', '2.95', '1'),
('76', 'A6', '20', 'Nul', '70', '20', '3.5', '0'),
('77', 'Mvrp', '20', 'Sénégal', '360', '80', '4.5', '0'),
('78', 'wondoverflow', '20', 'Colombie', '19', '10', '1.9', '1'),
('79', 'A6', '20', 'Colombie', '76', '40', '1.9', '1'),
('80', 'Vic1997', '20', 'Colombie', '20.9', '11', '1.9', '1'),
('81', 'Vic1997', '22', 'Tunisie', '18.5', '10', '1.85', '1'),
('82', 'Vic1997', '23', 'France', '23.7', '10', '2.37', '1'),
('83', 'Nitram', '20', 'Sénégal', '225', '50', '4.5', '0'),
('84', 'papawy', '19', 'Nul', '31.5', '10', '3.15', '0'),
('85', 'papawy', '19', 'Japon', '26.5', '10', '2.65', '0'),
('86', 'papawy', '20', 'Colombie', '38', '20', '1.9', '1'),
('87', 'papawy', '23', 'France', '71.1', '30', '2.37', '1'),
('88', 'papawy', '22', 'Tunisie', '27.75', '15', '1.85', '1'),
('89', 'wondoverflow', '21', 'Angleterre', '16.2', '6', '2.7', '0'),
('90', 'wondoverflow', '21', 'Angleterre', '37.8', '14', '2.7', '0'),
('91', 'wondoverflow', '21', 'Belgique', '59.4', '20', '2.97', '1'),
('92', 'A6', '21', 'Nul', '32', '10', '3.2', '0'),
('93', 'A6', '22', 'Nul', '37.5', '10', '3.75', '0'),
('94', 'A6', '23', 'France', '474', '200', '2.37', '1'),
('95', 'A6', '24', 'Portugal', '62', '20', '3.1', '0'),
('96', 'Nitram', '23', 'France', '71.337', '30.1', '2.37', '1'),
('97', 'wondoverflow', '23', 'France', '94.8', '40', '2.37', '1'),
('98', 'wondoverflow', '23', 'Argentine', '72', '20', '3.6', '0'),
('99', 'wondoverflow', '24', 'Uruguay', '110', '40', '2.75', '1'),
('100', 'wondoverflow', '24', 'Portugal', '62', '20', '3.1', '0'),
('101', 'wondoverflow', '24', 'Portugal', '62', '20', '3.1', '0'),
('102', 'Nitram', '24', 'Portugal', '155', '50', '3.1', '0'),
('103', 'A6', '0', '', '0', '2', '0', '0'),
('104', 'Nitram', '25', 'Brésil', '31.5', '21', '1.5', '1'),
('105', 'Vic1997', '25', 'Brésil', '15', '10', '1.5', '1'),
('106', 'Vic1997', '26', 'Belgique', '41.4', '30', '1.38', '1'),
('107', 'wondoverflow', '26', 'Belgique', '138', '100', '1.38', '1'),
('108', 'wondoverflow', '26', 'Belgique', '138', '100', '1.38', '1'),
('109', 'Nitram', '26', 'Belgique', '42.78', '31', '1.38', '1'),
('110', 'A6', '26', 'Belgique', '207', '150', '1.38', '1'),
('111', 'wondoverflow', '27', 'Suisse', '67.5', '25', '2.7', '0'),
('112', 'wondoverflow', '27', 'Suède', '78.75', '25', '3.15', '1'),
('113', 'wondoverflow', '28', 'Angleterre', '210', '100', '2.1', '1'),
('114', 'wondoverflow', '28', 'Colombie', '410', '100', '4.1', '0'),
('115', 'A6', '27', 'Suède', '31.5', '10', '3.15', '1'),
('116', 'A6', '28', 'Angleterre', '21', '10', '2.1', '1'),
('117', 'A6', '28', 'Colombie', '61.5', '15', '4.1', '0'),
('118', 'Nitram', '28', 'Colombie', '82', '20', '4.1', '0'),
('119', 'Nitram', '28', 'Angleterre', '42', '20', '2.1', '1'),
('120', 'Vic1997', '28', 'Colombie', '41', '10', '4.1', '0'),
('121', 'Vic1997', '29', 'France', '60', '30', '2', '1'),
('122', 'A6', '28', 'Colombie', '205', '50', '4.1', '0'),
('123', 'A6', '29', 'France', '400', '200', '2', '1'),
('124', 'A6', '31', 'Brésil', '210', '100', '2.1', '0'),
('125', 'A6', '32', 'Angleterre', '71.995', '42.35', '1.7', '1'),
('126', 'A6', '30', 'Russie', '105', '28', '3.75', '0'),
('127', 'papawy', '33', 'France', '150', '30', '5', '1'),
('128', 'papawy', '31', 'Belgique', '72', '20', '3.6', '1'),
('129', 'papawy', '29', 'France', '40', '20', '2', '1'),
('130', 'Nitram', '29', 'France', '900', '45', '20', '1'),
('131', 'wondoverflow', '29', 'France', '200', '100', '2', '1'),
('132', 'wondoverflow', '29', 'Uruguay', '345', '75', '4.6', '0'),
('133', 'papawy', '30', 'Croatie', '33.75', '15', '2.25', '1'),
('134', 'papawy', '31', 'Brésil', '52.5', '25', '2.1', '0'),
('135', 'A6', '29', 'France', '300', '150', '2', '1'),
('136', 'Vic1997', '29', 'France', '100', '50', '2', '1'),
('137', 'wondoverflow', '31', 'Belgique', '180', '50', '3.6', '1'),
('138', 'wondoverflow', '31', 'Brésil', '210', '100', '2.1', '0'),
('139', 'Vic1997', '32', 'Angleterre', '51', '30', '1.7', '1'),
('140', 'Vic1997', '30', 'Croatie', '51.75', '23', '2.25', '1'),
('141', 'A6', '30', 'Croatie', '787.5', '350', '2.25', '1'),
('142', 'Vic1997', '37', 'France', '127.5', '50', '2.55', '1'),
('143', 'papawy', '37', 'France', '510', '200', '2.55', '1'),
('144', 'A6', '37', 'France', '2550', '1000', '2.55', '1'),
('145', 'wondoverflow', '37', 'France', '127.5', '50', '2.55', '1'),
('146', 'wondoverflow', '37', 'France', '255', '100', '2.55', '1'),
('147', 'A6', '33', 'France', '500', '100', '5', '1'),
('148', 'A6', '38', 'Croatie', '144', '40', '3.6', '1'),
('149', 'A6', '38', 'Croatie', '1800', '500', '3.6', '1'),
('150', 'papawy', '33', 'France', '2500', '500', '5', '1'),
('151', 'Vic1997', '33', 'France', '1500', '300', '5', '1'),
('152', 'A6', '40', 'France', '7800', '4000', '1.95', '1'),
('153', 'Vic1997', '39', 'Belgique', '44', '20', '2.2', '1'),
('154', 'Nitram', '40', 'France', '175.5', '90', '1.95', '1'),
('155', 'Nitram', '40', 'Croatie', '3.08499', '0.616997', '5', '0');

CREATE TABLE `utilisateur` (
   `id` int(11) not null auto_increment,
   `login` varchar(50) not null,
   `mdp` varchar(200) not null,
   `argent` float not null,
   PRIMARY KEY (`id`)
) ENGINE=MyISAM DEFAULT CHARSET=utf8 AUTO_INCREMENT=7;

INSERT INTO `utilisateur` (`id`, `login`, `mdp`, `argent`) VALUES 
('1', 'Vic1997', '', '1551'),
('2', 'Nitram', '', '175.5'),
('3', 'wondoverflow', '', '644.95'),
('4', 'papawy', '', '2685.6'),
('5', 'Mvrp', '', '0'),
('6', 'A6', '', '8368.4');